-- phpMyAdmin SQL Dump
-- version 4.5.1
-- http://www.phpmyadmin.net
--
-- Host: 127.0.0.1
-- Generation Time: May 29, 2018 at 07:21 PM
-- Server version: 10.1.16-MariaDB
-- PHP Version: 5.6.24

SET SQL_MODE = "NO_AUTO_VALUE_ON_ZERO";
SET time_zone = "+00:00";


/*!40101 SET @OLD_CHARACTER_SET_CLIENT=@@CHARACTER_SET_CLIENT */;
/*!40101 SET @OLD_CHARACTER_SET_RESULTS=@@CHARACTER_SET_RESULTS */;
/*!40101 SET @OLD_COLLATION_CONNECTION=@@COLLATION_CONNECTION */;
/*!40101 SET NAMES utf8mb4 */;

--
-- Database: `payrollmanage`
--

-- --------------------------------------------------------

--
-- Table structure for table `branch`
--

CREATE TABLE `branch` (
  `Branch_id` int(5) NOT NULL,
  `Name` char(25) NOT NULL,
  `Branch_Address` varchar(100) NOT NULL,
  `Phone_number` bigint(10) NOT NULL,
  `Email` varchar(40) NOT NULL,
  `Establishment_date` date NOT NULL,
  `Created_by` char(25) NOT NULL,
  `Created_date` date NOT NULL,
  `Modified_date` date NOT NULL,
  `Status` int(1) NOT NULL
) ENGINE=InnoDB DEFAULT CHARSET=latin1;

--
-- Dumping data for table `branch`
--

INSERT INTO `branch` (`Branch_id`, `Name`, `Branch_Address`, `Phone_number`, `Email`, `Establishment_date`, `Created_by`, `Created_date`, `Modified_date`, `Status`) VALUES
(1, 'Ahmedabad Branch', 'FF- 106 Nandanvan Complex,\r\nOpp RTO Office Subhash Bridge,\r\nAhmedabad-380027', 9904000728, 'ahmedabranch@gmail.com', '2011-04-19', 'Chandni Soni', '2011-04-19', '2014-04-19', 1),
(2, 'Amreli Branch', 'Shop No.-42, Opera House,\r\nBPM Cycle Store,S T Road,\r\nAmreli-365601', 9925331931, 'amrelibranch@gmail.com', '2011-04-19', 'Krupa Deria', '2011-04-19', '2011-04-19', 1),
(3, 'Godhra Branch', 'F-9 Mahavir Complex Near Vodafone store,\r\nGodhra-389001', 8866563577, 'godhrabranch@gmail.com', '2011-04-19', 'Chandni Soni', '2011-04-19', '2011-04-19', 1),
(4, 'Himmatnagar Branch', 'F-7, Ganesh Chambers,\r\nCivil Circle,\r\nS.T. Road,\r\nHimmatnagar-383001', 9723927976, 'himmatnagarbranch@gmail.com', '2011-04-19', 'Krupa Deria', '2011-04-19', '2011-04-19', 1),
(5, 'Junagadh Branch', '65, Prism Complex,\r\nOpp. S.T. Busstand, \r\nJunagadh-362001\r\n', 9913799913, 'junaghdhbranch@gmail.com', '2011-04-19', 'Shilpi Soni', '2011-04-19', '2011-04-19', 1),
(6, 'Jamnagar Branch', 'G-9 Ground Floor,\r\nMadhav Aquare Limda Line,\r\nJamnagar-361001', 7878789095, 'jamnagarbranch@gmail.com', '2011-04-19', 'Maulik Khatri', '2011-04-19', '2011-04-19', 1);

-- --------------------------------------------------------

--
-- Table structure for table `chat`
--

CREATE TABLE `chat` (
  `chat_id` int(5) NOT NULL,
  `from_id` int(5) NOT NULL,
  `to_id` int(5) NOT NULL,
  `message` varchar(500) NOT NULL,
  `chattime` time NOT NULL,
  `status` tinyint(4) NOT NULL DEFAULT '2'
) ENGINE=InnoDB DEFAULT CHARSET=latin1;

--
-- Dumping data for table `chat`
--

INSERT INTO `chat` (`chat_id`, `from_id`, `to_id`, `message`, `chattime`, `status`) VALUES
(1, 1, 2, 'Welcome chandni', '12:40:09', 1),
(2, 1, 2, 'hi', '12:40:26', 1),
(3, 1, 3, 'welcome krupa', '12:45:45', 1),
(4, 1, 2, 'helo', '12:46:23', 1),
(5, 7, 3, 'hi I wANT leAVES ', '02:17:57', 1),
(6, 8, 1, 'want urgent leave', '02:20:01', 1),
(7, 9, 10, 'hi parth wassup??', '02:22:05', 1),
(8, 10, 9, 'hi kunal m fine\r\nHOw r u?', '02:23:29', 1),
(9, 1, 5, 'We have accepted your leave', '03:58:21', 1),
(10, 2, 1, 'heyyyy', '04:01:19', 1),
(11, 2, 1, 'whatapp', '04:01:28', 1),
(12, 2, 1, 'Good morning', '04:01:38', 1),
(13, 2, 1, 'Have a nice day.......', '04:01:59', 1),
(14, 1, 2, 'hello', '04:03:12', 1),
(15, 1, 2, 'very good morning', '04:03:23', 1),
(16, 1, 2, 'have a nice day', '04:03:31', 1),
(17, 2, 3, 'hello\r\n', '02:18:50', 1),
(18, 2, 6, 'no function', '11:30:04', 1),
(19, 5, 8, 'We have accepted your leave', '12:17:38', 1),
(20, 5, 9, 'no leave', '12:17:54', 1),
(21, 5, 2, 'hello mam', '01:03:59', 1),
(22, 5, 2, 'good morning', '01:04:10', 1),
(23, 2, 5, 'hello', '01:04:44', 1),
(24, 2, 5, 'good morming', '01:04:53', 1),
(25, 2, 5, 'good day', '01:04:59', 1),
(26, 2, 5, 'hii', '01:56:26', 1),
(27, 5, 2, 'hello', '10:22:04', 1),
(28, 5, 2, 'how are you', '10:22:12', 1),
(29, 6, 2, 'hello', '10:22:33', 2),
(30, 6, 2, 'good after noon.....', '10:22:56', 2),
(31, 6, 2, ':-)', '10:23:39', 2),
(32, 2, 1, 'hello', '03:42:50', 1),
(33, 2, 1, 'good evening...', '03:43:05', 1),
(34, 2, 1, 'heyyaaaaaa', '03:22:40', 1);

-- --------------------------------------------------------

--
-- Table structure for table `chat_theme`
--

CREATE TABLE `chat_theme` (
  `Employee_id` int(5) NOT NULL,
  `chat_img` varchar(50) NOT NULL
) ENGINE=InnoDB DEFAULT CHARSET=latin1;

-- --------------------------------------------------------

--
-- Table structure for table `department`
--

CREATE TABLE `department` (
  `Department_id` int(5) NOT NULL,
  `Department_name` char(20) NOT NULL,
  `Created_date` date NOT NULL,
  `Modified_date` date NOT NULL,
  `Status` tinyint(1) NOT NULL
) ENGINE=InnoDB DEFAULT CHARSET=latin1;

--
-- Dumping data for table `department`
--

INSERT INTO `department` (`Department_id`, `Department_name`, `Created_date`, `Modified_date`, `Status`) VALUES
(1, 'IOS Developer', '2013-04-19', '2013-04-19', 1),
(2, 'Markrting', '2012-02-17', '2012-02-17', 1),
(3, 'Selling', '2013-01-15', '2013-01-15', 1),
(4, 'HR', '2011-04-19', '2011-04-19', 1),
(5, 'Android Developer', '2013-02-19', '2013-02-19', 1),
(6, 'OS Developer', '2013-02-17', '2013-02-17', 1),
(7, 'Account', '2014-04-19', '2011-04-19', 1),
(8, 'PHP Developer', '2011-04-19', '2011-04-19', 1),
(9, '.Net Developer', '2011-04-19', '2011-04-19', 1);

-- --------------------------------------------------------

--
-- Table structure for table `designation`
--

CREATE TABLE `designation` (
  `Designation_id` int(5) NOT NULL,
  `Designation_name` char(25) NOT NULL,
  `Super_id` int(5) NOT NULL,
  `Super_id_name` char(25) NOT NULL,
  `Created_date` date NOT NULL,
  `Modified_date` date NOT NULL,
  `Status` tinyint(1) NOT NULL
) ENGINE=InnoDB DEFAULT CHARSET=latin1;

--
-- Dumping data for table `designation`
--

INSERT INTO `designation` (`Designation_id`, `Designation_name`, `Super_id`, `Super_id_name`, `Created_date`, `Modified_date`, `Status`) VALUES
(1, 'CEO', 1, 'Administrator', '2011-04-19', '2011-04-19', 1),
(2, 'HR Manager', 1, 'Administrator', '2011-04-19', '2011-04-19', 1),
(3, 'Manager', 2, 'HR Manager', '2011-04-19', '2011-04-19', 1),
(4, 'Department Leader', 3, 'Manager', '2011-04-19', '2011-04-19', 1),
(5, 'Team Leader', 3, 'Manager', '2011-04-19', '2011-04-19', 1),
(6, 'Leader', 3, 'Manager', '2011-04-19', '2011-04-19', 1),
(7, 'Clerck', 3, 'Manager', '2011-04-19', '2011-04-19', 1),
(8, 'Peon', 3, 'Manager', '2011-04-19', '2011-04-19', 1),
(9, 'Watchman', 3, 'Manager', '2011-04-19', '2011-04-19', 1),
(10, 'Sr. php developer', 2, 'HR Manager', '2011-04-19', '2011-04-19', 1);

-- --------------------------------------------------------

--
-- Table structure for table `employee`
--

CREATE TABLE `employee` (
  `Employee_id` int(5) NOT NULL,
  `Employee_name` char(30) NOT NULL,
  `Current_address` varchar(80) NOT NULL,
  `Permanent_address` varchar(80) NOT NULL,
  `Mobile_number` bigint(10) NOT NULL,
  `Gender` char(10) NOT NULL,
  `Email` varchar(50) NOT NULL,
  `DOB` date NOT NULL,
  `Qualification` varchar(20) NOT NULL,
  `Joining_date` date NOT NULL,
  `Registration_date` date NOT NULL,
  `Department_id` int(5) NOT NULL,
  `Branch_id` int(5) NOT NULL,
  `Designation_id` int(5) NOT NULL,
  `Shift_id` int(5) NOT NULL,
  `Password` varchar(50) NOT NULL,
  `Bank_account_number` bigint(16) DEFAULT NULL,
  `PAN_number` varchar(10) DEFAULT NULL,
  `Created_date` date NOT NULL,
  `Modified_date` date NOT NULL,
  `Status` int(1) NOT NULL,
  `Confirm_password` varchar(20) NOT NULL,
  `Roles` int(1) NOT NULL DEFAULT '3',
  `city` char(15) NOT NULL,
  `Basic_salary` float(10,3) NOT NULL,
  `PT` float(10,3) NOT NULL
) ENGINE=InnoDB DEFAULT CHARSET=latin1;

--
-- Dumping data for table `employee`
--

INSERT INTO `employee` (`Employee_id`, `Employee_name`, `Current_address`, `Permanent_address`, `Mobile_number`, `Gender`, `Email`, `DOB`, `Qualification`, `Joining_date`, `Registration_date`, `Department_id`, `Branch_id`, `Designation_id`, `Shift_id`, `Password`, `Bank_account_number`, `PAN_number`, `Created_date`, `Modified_date`, `Status`, `Confirm_password`, `Roles`, `city`, `Basic_salary`, `PT`) VALUES
(1, 'Administrator', '', '', 1234567890, 'Female', 'admin123@gmail.com', '1996-02-19', 'B.Sc. IT', '2014-09-27', '2014-09-30', 3, 1, 1, 1, 'Admin@123', 123456789012, '5478921465', '2014-09-30', '2014-09-30', 1, 'Admin@123', 1, 'Ahmedabad', 100000.000, 200.000),
(2, 'Chandni Soni', '233,panch hatdi,\r\nOpp. koth ni pole,\r\nRaipur,\r\nAhmedabad-380001', '233,panch hatdi,\r\nOpp. koth ni pole,\r\nRaipur,\r\nAhmedabad-380001', 7408596123, 'Female', 'chandnisoni@gmail.com', '1991-04-24', 'B.Sc.(CA & IT)', '2014-01-16', '2014-01-16', 2, 2, 2, 2, 'Chandni@27', 1237891452369854, 'A45F789456', '2015-02-17', '2015-04-17', 1, 'Chandni@27', 1, 'Ahmedabad', 50000.000, 200.000),
(3, 'Krupa Deria', '12,Nr. juna vadaj BRTS Bus stand \r\nJuna vadaj,\r\nAhmedabad', '12,Nr. juna vadaj BRTS Bus stand \r\nJuna vadaj,\r\nAhmedabad', 9898885456, 'Female', 'krupaderia@gmail.com', '1993-12-15', 'B.Sc.(CA & IT)', '2014-01-16', '2014-02-16', 2, 2, 2, 2, 'Krupa@123', 4561978236547895, 'D123F45678', '2013-01-15', '2015-02-16', 1, 'Krupa@123', 1, 'Ahmedabad', 50000.000, 200.000),
(4, 'Shilpi Soni', '12-C,OM appt\r\nopp havmor parlour\r\ncg road\r\nahmedabad', '145, gulshan bunglows\r\nopp mehndi soc.\r\nnew vadaj\r\nahmedabad\r\n', 9876456903, 'Female', 'shilpisoni@gmail.com', '1994-04-22', 'B.Sc.(CA & IT)', '2014-02-16', '2015-02-17', 2, 3, 4, 2, 'ShilpiSoni123@', 301245589012345, 'A56Hd87947', '2014-03-16', '2016-04-18', 1, 'ShilpiSoni123@', 1, 'Ahmedabad', 180000.000, 200.000),
(5, 'Dhvani Contractor', '21-sainath chambers\r\nopp. ganesh temple\r\nNr. Prabath chowk\r\nGhatlodia,ahmedabad', '21-sainath chambers\r\nopp. ganesh temple\r\nNr. Prabath chowk\r\nGhatlodia,ahmedabad', 8099087657, 'Female', 'dhvanicontractor@yahoo.com', '1994-01-15', 'MBA', '2013-01-16', '2015-04-17', 2, 2, 2, 2, 'Dhvani@@321', 345678912345678, 'D9HY5678JJ', '2013-01-15', '2015-04-17', 1, 'Dhvani@@321', 2, 'Ahmedabad', 15000.000, 200.000),
(6, 'Vidhi Shah', '456-sachin towers\r\nopp. jivraj mehta hospital\r\nsatellite\r\nahemdabad', '456-sachin towers\r\nopp. jivraj mehta hospital\r\nsatellite\r\nahemdabad', 9875080989, 'Female', 'vidhi@yahoo.com', '1992-02-16', 'MSC.', '2013-06-16', '2014-03-16', 4, 4, 4, 4, 'VidhiShah55%', 312456724313456, 'J34GHYGjk1', '2013-01-15', '2014-02-16', 1, 'VidhiShah55%', 3, 'Ahmedabad', 10000.000, 150.000),
(7, 'Pari Gandhi', '43, sheth bunglows\r\nopp patanjli stores\r\nchandkheda\r\nahmedabad', '43, sheth bunglows\r\nopp patanjli stores\r\nchandkheda\r\nahmedabad', 9099567895, 'Female', 'pari96@gmail.com', '1991-02-15', 'MBA', '2013-01-16', '2014-02-16', 1, 2, 4, 2, 'Pari1212$', 390012347894035, 'Ghyijk1234', '2013-01-16', '2014-04-17', 1, 'Pari1212$', 2, 'Ahmedabad', 30000.000, 200.000),
(8, 'Vandan Deria', '31, shannon houses,\r\nopp. cmc church\r\nastodia\r\nahmedabad', '31, shannon houses,\r\nopp. cmc church\r\nastodia\r\nahmedabad', 7098345689, 'Male', 'vandy@gmail.com', '1989-04-25', 'B.Tech', '2016-02-21', '2016-04-17', 2, 2, 2, 2, 'Vandy5656@', 345234335678543, 'J78hk78jka', '2014-01-16', '2014-05-17', 1, 'Vandy5656@', 3, 'Ahmedabad', 18000.000, 200.000),
(9, 'Kunal Tejani', '12, shreeji chambers,\r\nopp reg cross soc.\r\nnava vadaj\r\nMehsana', '601-adeshwar krupa \r\nopp sbi bank\r\nmira road\r\nmumbai', 8992996780, 'Male', 'kunal97@gmail.com', '1992-01-15', 'B.tech', '2016-05-18', '2015-06-20', 2, 3, 1, 1, 'Kunal34@gmail.com', 309244567892344, '676JHu3Dfh', '2013-01-15', '2015-07-18', 1, 'Kunal34@gmail.com', 3, 'Mehsana', 14000.000, 200.000),
(10, 'Parth Varma', '21-sainath bunglows\r\nopp. yash bunglows\r\nahmedabad', '21-sainath bunglows\r\nopp. yash bunglows\r\nahmedabad', 7878455678, 'Male', 'parth@yahoo.com', '0000-00-00', 'MSC(IT)', '1990-12-15', '2013-02-16', 1, 1, 1, 1, 'Parth56####', 567833245678977, 'H6757J99KK', '2013-02-16', '2015-06-17', 1, 'Parth56####', 3, 'Ahmedabad', 17000.000, 200.000),
(11, 'Khatri Maulik', '99-C, Kirti Soci, Nava Vadaj, Ahmedabad', '99-C, Kirti Soci, Nava Vadaj, Ahmedabad', 7405847742, 'Male', 'maulikkhatri@gmail.com', '0000-00-00', '', '2017-04-21', '2017-03-06', 2, 2, 2, 2, 'Mkkhatri@123', 487625981299458, 'C45E4789CM', '2017-03-06', '2017-03-06', 1, 'Mkkhatri@123', 1, 'Ahmedabad', 50000.000, 200.000),
(13, 'Axita Soni', 'Ahm', 'ahm', 9845625478, 'Female', 'axita123@gmail.com', '2017-04-19', 'B.Sc. IT', '2017-04-23', '2017-04-23', 2, 2, 1, 1, 'Admin@123', 152547894512555, 'RM23VC55HH', '2017-04-23', '2017-04-23', 1, 'Admin@123', 3, 'Ahmedabad', 50000.000, 200.000);

-- --------------------------------------------------------

--
-- Table structure for table `employee_attendance`
--

CREATE TABLE `employee_attendance` (
  `Employee_attendance_id` int(5) NOT NULL,
  `Employee_id` int(5) NOT NULL,
  `Checkin_time` time DEFAULT NULL,
  `Checkout_time` time DEFAULT NULL,
  `Bio_date` date NOT NULL
) ENGINE=InnoDB DEFAULT CHARSET=latin1;

--
-- Dumping data for table `employee_attendance`
--

INSERT INTO `employee_attendance` (`Employee_attendance_id`, `Employee_id`, `Checkin_time`, `Checkout_time`, `Bio_date`) VALUES
(1, 1, '10:00:00', '17:00:00', '0000-00-00'),
(2, 1, '10:00:00', '17:00:00', '0000-00-00'),
(3, 1, '10:00:00', '17:00:00', '0000-00-00'),
(4, 1, '10:00:00', '17:00:00', '0000-00-00'),
(5, 1, '10:00:00', '17:00:00', '0000-00-00'),
(6, 1, '10:00:00', '17:00:00', '0000-00-00'),
(7, 1, '10:00:00', '17:00:00', '0000-00-00'),
(8, 1, '10:00:00', '17:00:00', '0000-00-00'),
(9, 1, '10:00:00', '17:00:00', '0000-00-00'),
(10, 1, '10:00:00', '17:00:00', '0000-00-00'),
(11, 1, '10:00:00', '17:00:00', '0000-00-00'),
(12, 1, '10:00:00', '17:00:00', '0000-00-00'),
(13, 1, '10:00:00', '17:00:00', '0000-00-00'),
(14, 1, '10:00:00', '17:00:00', '0000-00-00'),
(15, 1, '10:00:00', '17:00:00', '0000-00-00'),
(16, 1, '10:00:00', '17:00:00', '0000-00-00'),
(17, 1, '10:00:00', '17:00:00', '0000-00-00'),
(18, 1, '10:00:00', '17:00:00', '0000-00-00'),
(19, 1, '10:00:00', '17:00:00', '0000-00-00'),
(20, 1, '10:00:00', '17:00:00', '0000-00-00'),
(21, 1, '10:00:00', '17:00:00', '0000-00-00'),
(22, 1, '10:00:00', '17:00:00', '0000-00-00'),
(23, 1, '10:00:00', '17:00:00', '0000-00-00'),
(24, 1, '10:00:00', '17:00:00', '0000-00-00'),
(25, 1, '10:00:00', '17:00:00', '0000-00-00'),
(26, 1, '10:00:00', '17:00:00', '0000-00-00'),
(27, 1, '10:00:00', '17:00:00', '0000-00-00'),
(28, 1, '10:00:00', '17:00:00', '0000-00-00'),
(29, 1, '10:00:00', '17:00:00', '0000-00-00'),
(30, 1, '10:00:00', '17:00:00', '0000-00-00'),
(31, 2, '14:00:00', '22:00:00', '0000-00-00'),
(32, 2, '14:00:00', '22:00:00', '0000-00-00'),
(33, 2, '14:00:00', '22:00:00', '0000-00-00'),
(34, 2, '14:00:00', '22:00:00', '0000-00-00'),
(35, 2, '14:00:00', '22:00:00', '0000-00-00'),
(36, 2, '14:00:00', '22:00:00', '0000-00-00'),
(37, 2, '14:00:00', '22:00:00', '0000-00-00'),
(38, 2, '14:00:00', '22:00:00', '0000-00-00'),
(39, 2, '00:00:00', '00:00:00', '0000-00-00'),
(40, 2, '14:00:00', '22:00:00', '0000-00-00'),
(41, 2, '14:00:00', '22:00:00', '0000-00-00'),
(42, 2, '14:00:00', '22:00:00', '0000-00-00'),
(43, 2, '00:00:00', '22:00:00', '0000-00-00'),
(44, 2, '14:00:00', '22:00:00', '0000-00-00'),
(45, 2, '14:00:00', '00:00:00', '0000-00-00'),
(46, 2, '14:00:00', '22:00:00', '0000-00-00'),
(47, 2, '14:00:00', '22:00:00', '0000-00-00'),
(48, 2, '14:00:00', '22:00:00', '0000-00-00'),
(49, 2, '14:00:00', '22:00:00', '0000-00-00'),
(50, 2, '14:00:00', '22:00:00', '0000-00-00'),
(51, 2, '14:00:00', '22:00:00', '0000-00-00'),
(52, 2, '14:00:00', '22:00:00', '0000-00-00'),
(53, 2, '14:00:00', '22:00:00', '0000-00-00'),
(54, 2, '14:00:00', '22:00:00', '0000-00-00'),
(55, 2, '14:00:00', '22:00:00', '0000-00-00'),
(56, 2, '14:00:00', '22:00:00', '0000-00-00'),
(57, 2, '14:00:00', '22:00:00', '0000-00-00'),
(58, 2, '14:00:00', '22:00:00', '0000-00-00'),
(59, 2, '14:00:00', '22:00:00', '0000-00-00'),
(60, 2, '14:00:00', '22:00:00', '0000-00-00'),
(61, 3, '17:00:00', '23:00:00', '0000-00-00'),
(62, 3, '17:00:00', '23:00:00', '0000-00-00'),
(63, 3, '17:00:00', '23:00:00', '0000-00-00'),
(64, 3, '17:00:00', '23:00:00', '0000-00-00'),
(65, 3, '17:00:00', '23:00:00', '0000-00-00'),
(66, 3, '17:00:00', '23:00:00', '0000-00-00'),
(67, 3, '17:00:00', '23:00:00', '0000-00-00'),
(68, 3, '17:00:00', '23:00:00', '0000-00-00'),
(69, 3, '17:00:00', '23:00:00', '0000-00-00'),
(70, 3, '17:00:00', '23:00:00', '0000-00-00'),
(71, 3, '17:00:00', '23:00:00', '0000-00-00'),
(72, 3, '17:00:00', '23:00:00', '0000-00-00'),
(73, 3, '17:00:00', '23:00:00', '0000-00-00'),
(74, 3, '17:00:00', '23:00:00', '0000-00-00'),
(75, 3, '17:00:00', '23:00:00', '0000-00-00'),
(76, 3, '17:00:00', '23:00:00', '0000-00-00'),
(77, 3, '17:00:00', '23:00:00', '0000-00-00'),
(78, 3, '17:00:00', '23:00:00', '0000-00-00'),
(79, 3, '17:00:00', '23:00:00', '0000-00-00'),
(80, 3, '17:00:00', '23:00:00', '0000-00-00'),
(81, 3, '17:00:00', '23:00:00', '0000-00-00'),
(82, 3, '17:00:00', '23:00:00', '0000-00-00'),
(83, 3, '17:00:00', '23:00:00', '0000-00-00'),
(84, 3, '17:00:00', '23:00:00', '0000-00-00'),
(85, 3, '17:00:00', '23:00:00', '0000-00-00'),
(86, 3, '17:00:00', '23:00:00', '0000-00-00'),
(87, 3, '17:00:00', '23:00:00', '0000-00-00'),
(88, 3, '17:00:00', '23:00:00', '0000-00-00'),
(89, 3, '17:00:00', '23:00:00', '0000-00-00'),
(90, 3, '17:00:00', '23:00:00', '0000-00-00'),
(91, 4, '08:00:10', '20:10:03', '0000-00-00'),
(92, 4, '08:00:10', '20:10:03', '0000-00-00'),
(93, 4, '08:00:10', '20:10:03', '0000-00-00'),
(94, 4, '08:00:10', '20:10:03', '0000-00-00'),
(95, 4, '08:00:10', '20:10:03', '0000-00-00'),
(96, 4, '08:00:10', '20:10:03', '0000-00-00'),
(97, 4, '08:00:10', '20:10:03', '0000-00-00'),
(98, 4, '08:00:10', '20:10:03', '0000-00-00'),
(99, 4, '08:00:10', '20:10:03', '0000-00-00'),
(100, 4, '08:00:10', '20:10:03', '0000-00-00'),
(101, 4, '08:00:10', '20:10:03', '0000-00-00'),
(102, 4, '08:00:10', '20:10:03', '0000-00-00'),
(103, 4, '08:00:10', '20:10:03', '0000-00-00'),
(104, 4, '08:00:10', '20:10:03', '0000-00-00'),
(105, 4, '08:00:10', '20:10:03', '0000-00-00'),
(106, 4, '08:00:10', '20:10:03', '0000-00-00'),
(107, 4, '08:00:10', '20:10:03', '0000-00-00'),
(108, 4, '08:00:10', '20:10:03', '0000-00-00'),
(109, 4, '08:00:10', '20:10:03', '0000-00-00'),
(110, 4, '08:00:10', '20:10:03', '0000-00-00'),
(111, 4, '08:00:10', '20:10:03', '0000-00-00'),
(112, 4, '08:00:10', '20:10:03', '0000-00-00'),
(113, 4, '08:00:10', '20:10:03', '0000-00-00'),
(114, 4, '08:00:10', '20:10:03', '0000-00-00'),
(115, 4, '08:00:10', '20:10:03', '0000-00-00'),
(116, 4, '08:00:10', '20:10:03', '0000-00-00'),
(117, 4, '08:00:10', '20:10:03', '0000-00-00'),
(118, 4, '08:00:10', '20:10:03', '0000-00-00'),
(119, 4, '08:00:10', '20:10:03', '0000-00-00'),
(120, 4, '08:00:10', '20:10:03', '0000-00-00'),
(121, 5, '09:15:10', '18:10:08', '0000-00-00'),
(122, 5, '09:15:10', '18:10:08', '0000-00-00'),
(123, 5, '09:15:10', '18:10:08', '0000-00-00'),
(124, 5, '09:15:10', '18:10:08', '0000-00-00'),
(125, 5, '09:15:10', '18:10:08', '0000-00-00'),
(126, 5, '09:15:10', '18:10:08', '0000-00-00'),
(127, 5, '09:15:10', '18:10:08', '0000-00-00'),
(128, 5, '09:15:10', '18:10:08', '0000-00-00'),
(129, 5, '09:15:10', '18:10:08', '0000-00-00'),
(130, 5, '09:15:10', '18:10:08', '0000-00-00'),
(131, 5, '09:15:10', '18:10:08', '0000-00-00'),
(132, 5, '09:15:10', '18:10:08', '0000-00-00'),
(133, 5, '09:15:10', '18:10:08', '0000-00-00'),
(134, 5, '09:15:10', '18:10:08', '0000-00-00'),
(135, 5, '09:15:10', '18:10:08', '0000-00-00'),
(136, 5, '09:15:10', '18:10:08', '0000-00-00'),
(137, 5, '09:15:10', '18:10:08', '0000-00-00'),
(138, 5, '09:15:10', '18:10:08', '0000-00-00'),
(139, 5, '09:15:10', '18:10:08', '0000-00-00'),
(140, 5, '09:15:10', '18:10:08', '0000-00-00'),
(141, 5, '09:15:10', '18:10:08', '0000-00-00'),
(142, 5, '09:15:10', '18:10:08', '0000-00-00'),
(143, 5, '09:15:10', '18:10:08', '0000-00-00'),
(144, 5, '09:15:10', '18:10:08', '0000-00-00'),
(145, 5, '09:15:10', '18:10:08', '0000-00-00'),
(146, 5, '09:15:10', '18:10:08', '0000-00-00'),
(147, 5, '09:15:10', '18:10:08', '0000-00-00'),
(148, 5, '09:15:10', '18:10:08', '0000-00-00'),
(149, 5, '09:15:10', '18:10:08', '0000-00-00'),
(150, 5, '09:15:10', '18:10:08', '0000-00-00'),
(151, 6, '11:15:19', '21:18:45', '0000-00-00'),
(152, 6, '11:15:19', '21:18:45', '0000-00-00'),
(153, 6, '11:15:19', '21:18:45', '0000-00-00'),
(154, 6, '11:15:19', '21:18:45', '0000-00-00'),
(155, 6, '11:15:19', '21:18:45', '0000-00-00'),
(156, 6, '11:15:19', '21:18:45', '0000-00-00'),
(157, 6, '11:15:19', '21:18:45', '0000-00-00'),
(158, 6, '11:15:19', '21:18:45', '0000-00-00'),
(159, 6, '11:15:19', '21:18:45', '0000-00-00'),
(160, 6, '11:15:19', '21:18:45', '0000-00-00'),
(161, 6, '11:15:19', '21:18:45', '0000-00-00'),
(162, 6, '11:15:19', '21:18:45', '0000-00-00'),
(163, 6, '11:15:19', '21:18:45', '0000-00-00'),
(164, 6, '11:15:19', '21:18:45', '0000-00-00'),
(165, 6, '11:15:19', '21:18:45', '0000-00-00'),
(166, 6, '11:15:19', '21:18:45', '0000-00-00'),
(167, 6, '11:15:19', '21:18:45', '0000-00-00'),
(168, 6, '11:15:19', '21:18:45', '0000-00-00'),
(169, 6, '11:15:19', '21:18:45', '0000-00-00'),
(170, 6, '11:15:19', '21:18:45', '0000-00-00'),
(171, 6, '11:15:19', '21:18:45', '0000-00-00'),
(172, 6, '11:15:19', '21:18:45', '0000-00-00'),
(173, 6, '11:15:19', '21:18:45', '0000-00-00'),
(174, 6, '11:15:19', '21:18:45', '0000-00-00'),
(175, 6, '11:15:19', '21:18:45', '0000-00-00'),
(176, 6, '11:15:19', '21:18:45', '0000-00-00'),
(177, 6, '11:15:19', '21:18:45', '0000-00-00'),
(178, 6, '11:15:19', '21:18:45', '0000-00-00'),
(179, 6, '11:15:19', '21:18:45', '0000-00-00'),
(180, 6, '11:15:19', '21:18:45', '0000-00-00'),
(181, 7, '10:00:00', '17:00:00', '0000-00-00'),
(182, 7, '10:00:00', '17:00:00', '0000-00-00'),
(183, 7, '10:00:00', '17:00:00', '0000-00-00'),
(184, 7, '10:00:00', '17:00:00', '0000-00-00'),
(185, 7, '10:00:00', '17:00:00', '0000-00-00'),
(186, 7, '11:00:00', '18:00:02', '0000-00-00'),
(187, 7, '11:13:04', '16:00:02', '0000-00-00'),
(188, 7, '11:13:04', '16:00:02', '0000-00-00'),
(189, 7, '11:17:04', '20:00:02', '0000-00-00'),
(190, 7, '10:00:00', '17:00:00', '0000-00-00'),
(191, 7, '11:00:00', '18:00:02', '0000-00-00'),
(192, 7, '11:13:04', '16:00:02', '0000-00-00'),
(193, 7, '10:00:00', '17:00:00', '0000-00-00'),
(194, 7, '11:17:04', '20:00:02', '0000-00-00'),
(195, 7, '11:13:04', '16:00:02', '0000-00-00'),
(196, 7, '11:13:04', '16:00:02', '0000-00-00'),
(197, 7, '11:17:04', '20:00:02', '0000-00-00'),
(198, 7, '10:00:00', '17:00:00', '0000-00-00'),
(199, 7, '11:17:04', '20:00:02', '0000-00-00'),
(200, 7, '11:00:00', '18:00:02', '0000-00-00'),
(201, 7, '11:17:04', '20:00:02', '0000-00-00'),
(202, 7, '10:00:00', '17:00:00', '0000-00-00'),
(203, 7, '11:17:04', '20:00:02', '0000-00-00'),
(204, 7, '11:17:04', '20:00:02', '0000-00-00'),
(205, 7, '10:00:00', '17:00:00', '0000-00-00'),
(206, 7, '11:17:04', '20:00:02', '0000-00-00'),
(207, 7, '11:17:04', '20:00:02', '0000-00-00'),
(208, 7, '10:00:00', '17:00:00', '0000-00-00'),
(209, 7, '11:17:04', '20:00:02', '0000-00-00'),
(210, 7, '11:17:04', '20:00:02', '0000-00-00'),
(211, 8, '09:17:04', '20:00:02', '0000-00-00'),
(212, 8, '09:17:04', '20:00:02', '0000-00-00'),
(213, 8, '09:15:04', '21:00:02', '0000-00-00'),
(214, 8, '09:45:14', '21:20:02', '0000-00-00'),
(215, 8, '09:45:14', '21:20:02', '0000-00-00'),
(216, 8, '09:15:04', '21:00:02', '0000-00-00'),
(217, 8, '09:45:14', '21:20:02', '0000-00-00'),
(218, 8, '09:45:14', '21:20:02', '0000-00-00'),
(219, 8, '09:15:04', '21:00:02', '0000-00-00'),
(220, 8, '09:45:14', '21:20:02', '0000-00-00'),
(221, 8, '09:17:04', '20:00:02', '0000-00-00'),
(222, 8, '09:45:14', '21:20:02', '0000-00-00'),
(223, 8, '09:15:04', '21:00:02', '0000-00-00'),
(224, 8, '09:45:14', '21:20:02', '0000-00-00'),
(225, 8, '09:17:04', '20:00:02', '0000-00-00'),
(226, 8, '09:45:14', '21:20:02', '0000-00-00'),
(227, 8, '09:17:04', '20:00:02', '0000-00-00'),
(228, 8, '09:45:14', '21:20:02', '0000-00-00'),
(229, 8, '09:45:14', '21:20:02', '0000-00-00'),
(230, 8, '09:17:04', '20:00:02', '0000-00-00'),
(231, 8, '09:17:04', '20:00:02', '0000-00-00'),
(232, 8, '09:45:14', '21:20:02', '0000-00-00'),
(233, 8, '09:45:14', '21:20:02', '0000-00-00'),
(234, 8, '09:15:04', '21:00:02', '0000-00-00'),
(235, 8, '09:45:14', '21:20:02', '0000-00-00'),
(236, 8, '09:45:14', '21:20:02', '0000-00-00'),
(237, 8, '09:45:14', '21:20:02', '0000-00-00'),
(238, 8, '09:15:04', '21:00:02', '0000-00-00'),
(239, 8, '09:15:04', '21:00:02', '0000-00-00'),
(240, 8, '09:15:04', '21:00:02', '0000-00-00'),
(241, 9, '09:11:04', '18:00:23', '0000-00-00'),
(242, 9, '09:11:16', '18:06:45', '0000-00-00'),
(243, 9, '09:11:16', '18:06:45', '0000-00-00'),
(244, 9, '09:11:16', '18:06:45', '0000-00-00'),
(245, 9, '09:11:16', '18:06:45', '0000-00-00'),
(246, 9, '09:11:16', '18:06:45', '0000-00-00'),
(247, 9, '09:11:16', '18:06:45', '0000-00-00'),
(248, 9, '09:11:04', '18:00:23', '0000-00-00'),
(249, 9, '09:11:16', '18:06:45', '0000-00-00'),
(250, 9, '09:11:16', '18:06:45', '0000-00-00'),
(251, 9, '09:11:16', '18:06:45', '0000-00-00'),
(252, 9, '09:11:04', '18:00:23', '0000-00-00'),
(253, 9, '09:11:16', '18:06:45', '0000-00-00'),
(254, 9, '09:11:16', '18:06:45', '0000-00-00'),
(255, 9, '09:11:04', '18:00:23', '0000-00-00'),
(256, 9, '09:11:16', '18:06:45', '0000-00-00'),
(257, 9, '09:11:16', '18:06:45', '0000-00-00'),
(258, 9, '09:11:16', '18:06:45', '0000-00-00'),
(259, 9, '09:11:04', '18:00:23', '0000-00-00'),
(260, 9, '09:11:16', '18:06:45', '0000-00-00'),
(261, 9, '09:11:16', '18:06:45', '0000-00-00'),
(262, 9, '09:11:16', '18:06:45', '0000-00-00'),
(263, 9, '09:11:04', '18:00:23', '0000-00-00'),
(264, 9, '09:11:16', '18:06:45', '0000-00-00'),
(265, 9, '09:11:16', '18:06:45', '0000-00-00'),
(266, 9, '09:11:04', '18:00:23', '0000-00-00'),
(267, 9, '09:11:16', '18:06:45', '0000-00-00'),
(268, 9, '09:11:16', '18:06:45', '0000-00-00'),
(269, 9, '09:11:04', '18:00:23', '0000-00-00'),
(270, 9, '09:11:04', '18:00:23', '0000-00-00'),
(271, 10, '08:10:16', '17:06:43', '0000-00-00'),
(272, 10, '10:10:16', '17:10:43', '0000-00-00'),
(273, 10, '10:10:16', '17:10:43', '0000-00-00'),
(274, 10, '10:10:16', '17:10:43', '0000-00-00'),
(275, 10, '08:10:16', '17:06:43', '0000-00-00'),
(276, 10, '10:10:16', '17:10:43', '0000-00-00'),
(277, 10, '08:10:16', '17:06:43', '0000-00-00'),
(278, 10, '08:10:16', '17:06:43', '0000-00-00'),
(279, 10, '08:10:16', '17:06:43', '0000-00-00'),
(280, 10, '08:10:16', '17:06:43', '0000-00-00'),
(281, 10, '10:10:16', '17:10:43', '0000-00-00'),
(282, 10, '10:10:16', '17:10:43', '0000-00-00'),
(283, 10, '10:10:16', '17:10:43', '0000-00-00'),
(284, 10, '08:10:16', '17:06:43', '0000-00-00'),
(285, 10, '10:10:16', '17:10:43', '0000-00-00'),
(286, 10, '10:10:16', '17:10:43', '0000-00-00'),
(287, 10, '10:10:16', '17:10:43', '0000-00-00'),
(288, 10, '10:10:16', '17:10:43', '0000-00-00'),
(289, 10, '10:10:16', '17:10:43', '0000-00-00'),
(290, 10, '10:10:16', '17:10:43', '0000-00-00'),
(291, 10, '08:10:16', '17:06:43', '0000-00-00'),
(292, 10, '10:10:16', '17:10:43', '0000-00-00'),
(293, 10, '10:10:16', '17:10:43', '0000-00-00'),
(294, 10, '10:10:16', '17:10:43', '0000-00-00'),
(295, 10, '08:10:16', '17:06:43', '0000-00-00'),
(296, 10, '10:10:16', '17:10:43', '0000-00-00'),
(297, 10, '08:10:16', '17:06:43', '0000-00-00'),
(298, 10, '08:10:16', '17:06:43', '0000-00-00'),
(299, 10, '08:10:16', '17:06:43', '0000-00-00'),
(300, 10, '08:10:16', '17:06:43', '0000-00-00'),
(1, 1, '10:00:00', '17:00:00', '0000-00-00'),
(2, 1, '10:00:00', '17:00:00', '0000-00-00'),
(3, 1, '10:00:00', '17:00:00', '0000-00-00'),
(4, 1, '10:00:00', '17:00:00', '0000-00-00'),
(5, 1, '10:00:00', '17:00:00', '0000-00-00'),
(6, 1, '10:00:00', '17:00:00', '0000-00-00'),
(7, 1, '10:00:00', '17:00:00', '0000-00-00'),
(8, 1, '10:00:00', '17:00:00', '0000-00-00'),
(9, 1, '10:00:00', '17:00:00', '0000-00-00'),
(10, 1, '10:00:00', '17:00:00', '0000-00-00'),
(11, 1, '10:00:00', '17:00:00', '0000-00-00'),
(12, 1, '10:00:00', '17:00:00', '0000-00-00'),
(13, 1, '10:00:00', '17:00:00', '0000-00-00'),
(14, 1, '10:00:00', '17:00:00', '0000-00-00'),
(15, 1, '10:00:00', '17:00:00', '0000-00-00'),
(16, 1, '10:00:00', '17:00:00', '0000-00-00'),
(17, 1, '10:00:00', '17:00:00', '0000-00-00'),
(18, 1, '10:00:00', '17:00:00', '0000-00-00'),
(19, 1, '10:00:00', '17:00:00', '0000-00-00'),
(20, 1, '10:00:00', '17:00:00', '0000-00-00'),
(21, 1, '10:00:00', '17:00:00', '0000-00-00'),
(22, 1, '10:00:00', '17:00:00', '0000-00-00'),
(23, 1, '10:00:00', '17:00:00', '0000-00-00'),
(24, 1, '10:00:00', '17:00:00', '0000-00-00'),
(25, 1, '10:00:00', '17:00:00', '0000-00-00'),
(26, 1, '10:00:00', '17:00:00', '0000-00-00'),
(27, 1, '10:00:00', '17:00:00', '0000-00-00'),
(28, 1, '10:00:00', '17:00:00', '0000-00-00'),
(29, 1, '10:00:00', '17:00:00', '0000-00-00'),
(30, 1, '10:00:00', '17:00:00', '0000-00-00'),
(31, 2, '14:00:00', '22:00:00', '0000-00-00'),
(32, 2, '14:00:00', '22:00:00', '0000-00-00'),
(33, 2, '14:00:00', '22:00:00', '0000-00-00'),
(34, 2, '14:00:00', '22:00:00', '0000-00-00'),
(35, 2, '14:00:00', '22:00:00', '0000-00-00'),
(36, 2, '14:00:00', '22:00:00', '0000-00-00'),
(37, 2, '14:00:00', '22:00:00', '0000-00-00'),
(38, 2, '14:00:00', '22:00:00', '0000-00-00'),
(39, 2, '00:00:00', '00:00:00', '0000-00-00'),
(40, 2, '14:00:00', '22:00:00', '0000-00-00'),
(41, 2, '14:00:00', '22:00:00', '0000-00-00'),
(42, 2, '14:00:00', '22:00:00', '0000-00-00'),
(43, 2, '00:00:00', '22:00:00', '0000-00-00'),
(44, 2, '14:00:00', '22:00:00', '0000-00-00'),
(45, 2, '14:00:00', '00:00:00', '0000-00-00'),
(46, 2, '14:00:00', '22:00:00', '0000-00-00'),
(47, 2, '14:00:00', '22:00:00', '0000-00-00'),
(48, 2, '14:00:00', '22:00:00', '0000-00-00'),
(49, 2, '14:00:00', '22:00:00', '0000-00-00'),
(50, 2, '14:00:00', '22:00:00', '0000-00-00'),
(51, 2, '14:00:00', '22:00:00', '0000-00-00'),
(52, 2, '14:00:00', '22:00:00', '0000-00-00'),
(53, 2, '14:00:00', '22:00:00', '0000-00-00'),
(54, 2, '14:00:00', '22:00:00', '0000-00-00'),
(55, 2, '14:00:00', '22:00:00', '0000-00-00'),
(56, 2, '14:00:00', '22:00:00', '0000-00-00'),
(57, 2, '14:00:00', '22:00:00', '0000-00-00'),
(58, 2, '14:00:00', '22:00:00', '0000-00-00'),
(59, 2, '14:00:00', '22:00:00', '0000-00-00'),
(60, 2, '14:00:00', '22:00:00', '0000-00-00'),
(61, 3, '17:00:00', '23:00:00', '0000-00-00'),
(62, 3, '17:00:00', '23:00:00', '0000-00-00'),
(63, 3, '17:00:00', '23:00:00', '0000-00-00'),
(64, 3, '17:00:00', '23:00:00', '0000-00-00'),
(65, 3, '17:00:00', '23:00:00', '0000-00-00'),
(66, 3, '17:00:00', '23:00:00', '0000-00-00'),
(67, 3, '17:00:00', '23:00:00', '0000-00-00'),
(68, 3, '17:00:00', '23:00:00', '0000-00-00'),
(69, 3, '17:00:00', '23:00:00', '0000-00-00'),
(70, 3, '17:00:00', '23:00:00', '0000-00-00'),
(71, 3, '17:00:00', '23:00:00', '0000-00-00'),
(72, 3, '17:00:00', '23:00:00', '0000-00-00'),
(73, 3, '17:00:00', '23:00:00', '0000-00-00'),
(74, 3, '17:00:00', '23:00:00', '0000-00-00'),
(75, 3, '17:00:00', '23:00:00', '0000-00-00'),
(76, 3, '17:00:00', '23:00:00', '0000-00-00'),
(77, 3, '17:00:00', '23:00:00', '0000-00-00'),
(78, 3, '17:00:00', '23:00:00', '0000-00-00'),
(79, 3, '17:00:00', '23:00:00', '0000-00-00'),
(80, 3, '17:00:00', '23:00:00', '0000-00-00'),
(81, 3, '17:00:00', '23:00:00', '0000-00-00'),
(82, 3, '17:00:00', '23:00:00', '0000-00-00'),
(83, 3, '17:00:00', '23:00:00', '0000-00-00'),
(84, 3, '17:00:00', '23:00:00', '0000-00-00'),
(85, 3, '17:00:00', '23:00:00', '0000-00-00'),
(86, 3, '17:00:00', '23:00:00', '0000-00-00'),
(87, 3, '17:00:00', '23:00:00', '0000-00-00'),
(88, 3, '17:00:00', '23:00:00', '0000-00-00'),
(89, 3, '17:00:00', '23:00:00', '0000-00-00'),
(90, 3, '17:00:00', '23:00:00', '0000-00-00'),
(91, 4, '08:00:10', '20:10:03', '0000-00-00'),
(92, 4, '08:00:10', '20:10:03', '0000-00-00'),
(93, 4, '08:00:10', '20:10:03', '0000-00-00'),
(94, 4, '08:00:10', '20:10:03', '0000-00-00'),
(95, 4, '08:00:10', '20:10:03', '0000-00-00'),
(96, 4, '08:00:10', '20:10:03', '0000-00-00'),
(97, 4, '08:00:10', '20:10:03', '0000-00-00'),
(98, 4, '08:00:10', '20:10:03', '0000-00-00'),
(99, 4, '08:00:10', '20:10:03', '0000-00-00'),
(100, 4, '08:00:10', '20:10:03', '0000-00-00'),
(101, 4, '08:00:10', '20:10:03', '0000-00-00'),
(102, 4, '08:00:10', '20:10:03', '0000-00-00'),
(103, 4, '08:00:10', '20:10:03', '0000-00-00'),
(104, 4, '08:00:10', '20:10:03', '0000-00-00'),
(105, 4, '08:00:10', '20:10:03', '0000-00-00'),
(106, 4, '08:00:10', '20:10:03', '0000-00-00'),
(107, 4, '08:00:10', '20:10:03', '0000-00-00'),
(108, 4, '08:00:10', '20:10:03', '0000-00-00'),
(109, 4, '08:00:10', '20:10:03', '0000-00-00'),
(110, 4, '08:00:10', '20:10:03', '0000-00-00'),
(111, 4, '08:00:10', '20:10:03', '0000-00-00'),
(112, 4, '08:00:10', '20:10:03', '0000-00-00'),
(113, 4, '08:00:10', '20:10:03', '0000-00-00'),
(114, 4, '08:00:10', '20:10:03', '0000-00-00'),
(115, 4, '08:00:10', '20:10:03', '0000-00-00'),
(116, 4, '08:00:10', '20:10:03', '0000-00-00'),
(117, 4, '08:00:10', '20:10:03', '0000-00-00'),
(118, 4, '08:00:10', '20:10:03', '0000-00-00'),
(119, 4, '08:00:10', '20:10:03', '0000-00-00'),
(120, 4, '08:00:10', '20:10:03', '0000-00-00'),
(121, 5, '09:15:10', '18:10:08', '0000-00-00'),
(122, 5, '09:15:10', '18:10:08', '0000-00-00'),
(123, 5, '09:15:10', '18:10:08', '0000-00-00'),
(124, 5, '09:15:10', '18:10:08', '0000-00-00'),
(125, 5, '09:15:10', '18:10:08', '0000-00-00'),
(126, 5, '09:15:10', '18:10:08', '0000-00-00'),
(127, 5, '09:15:10', '18:10:08', '0000-00-00'),
(128, 5, '09:15:10', '18:10:08', '0000-00-00'),
(129, 5, '09:15:10', '18:10:08', '0000-00-00'),
(130, 5, '09:15:10', '18:10:08', '0000-00-00'),
(131, 5, '09:15:10', '18:10:08', '0000-00-00'),
(132, 5, '09:15:10', '18:10:08', '0000-00-00'),
(133, 5, '09:15:10', '18:10:08', '0000-00-00'),
(134, 5, '09:15:10', '18:10:08', '0000-00-00'),
(135, 5, '09:15:10', '18:10:08', '0000-00-00'),
(136, 5, '09:15:10', '18:10:08', '0000-00-00'),
(137, 5, '09:15:10', '18:10:08', '0000-00-00'),
(138, 5, '09:15:10', '18:10:08', '0000-00-00'),
(139, 5, '09:15:10', '18:10:08', '0000-00-00'),
(140, 5, '09:15:10', '18:10:08', '0000-00-00'),
(141, 5, '09:15:10', '18:10:08', '0000-00-00'),
(142, 5, '09:15:10', '18:10:08', '0000-00-00'),
(143, 5, '09:15:10', '18:10:08', '0000-00-00'),
(144, 5, '09:15:10', '18:10:08', '0000-00-00'),
(145, 5, '09:15:10', '18:10:08', '0000-00-00'),
(146, 5, '09:15:10', '18:10:08', '0000-00-00'),
(147, 5, '09:15:10', '18:10:08', '0000-00-00'),
(148, 5, '09:15:10', '18:10:08', '0000-00-00'),
(149, 5, '09:15:10', '18:10:08', '0000-00-00'),
(150, 5, '09:15:10', '18:10:08', '0000-00-00'),
(151, 6, '11:15:19', '21:18:45', '0000-00-00'),
(152, 6, '11:15:19', '21:18:45', '0000-00-00'),
(153, 6, '11:15:19', '21:18:45', '0000-00-00'),
(154, 6, '11:15:19', '21:18:45', '0000-00-00'),
(155, 6, '11:15:19', '21:18:45', '0000-00-00'),
(156, 6, '11:15:19', '21:18:45', '0000-00-00'),
(157, 6, '11:15:19', '21:18:45', '0000-00-00'),
(158, 6, '11:15:19', '21:18:45', '0000-00-00'),
(159, 6, '11:15:19', '21:18:45', '0000-00-00'),
(160, 6, '11:15:19', '21:18:45', '0000-00-00'),
(161, 6, '11:15:19', '21:18:45', '0000-00-00'),
(162, 6, '11:15:19', '21:18:45', '0000-00-00'),
(163, 6, '11:15:19', '21:18:45', '0000-00-00'),
(164, 6, '11:15:19', '21:18:45', '0000-00-00'),
(165, 6, '11:15:19', '21:18:45', '0000-00-00'),
(166, 6, '11:15:19', '21:18:45', '0000-00-00'),
(167, 6, '11:15:19', '21:18:45', '0000-00-00'),
(168, 6, '11:15:19', '21:18:45', '0000-00-00'),
(169, 6, '11:15:19', '21:18:45', '0000-00-00'),
(170, 6, '11:15:19', '21:18:45', '0000-00-00'),
(171, 6, '11:15:19', '21:18:45', '0000-00-00'),
(172, 6, '11:15:19', '21:18:45', '0000-00-00'),
(173, 6, '11:15:19', '21:18:45', '0000-00-00'),
(174, 6, '11:15:19', '21:18:45', '0000-00-00'),
(175, 6, '11:15:19', '21:18:45', '0000-00-00'),
(176, 6, '11:15:19', '21:18:45', '0000-00-00'),
(177, 6, '11:15:19', '21:18:45', '0000-00-00'),
(178, 6, '11:15:19', '21:18:45', '0000-00-00'),
(179, 6, '11:15:19', '21:18:45', '0000-00-00'),
(180, 6, '11:15:19', '21:18:45', '0000-00-00'),
(181, 7, '10:00:00', '17:00:00', '0000-00-00'),
(182, 7, '10:00:00', '17:00:00', '0000-00-00'),
(183, 7, '10:00:00', '17:00:00', '0000-00-00'),
(184, 7, '10:00:00', '17:00:00', '0000-00-00'),
(185, 7, '10:00:00', '17:00:00', '0000-00-00'),
(186, 7, '11:00:00', '18:00:02', '0000-00-00'),
(187, 7, '11:13:04', '16:00:02', '0000-00-00'),
(188, 7, '11:13:04', '16:00:02', '0000-00-00'),
(189, 7, '11:17:04', '20:00:02', '0000-00-00'),
(190, 7, '10:00:00', '17:00:00', '0000-00-00'),
(191, 7, '11:00:00', '18:00:02', '0000-00-00'),
(192, 7, '11:13:04', '16:00:02', '0000-00-00'),
(193, 7, '10:00:00', '17:00:00', '0000-00-00'),
(194, 7, '11:17:04', '20:00:02', '0000-00-00'),
(195, 7, '11:13:04', '16:00:02', '0000-00-00'),
(196, 7, '11:13:04', '16:00:02', '0000-00-00'),
(197, 7, '11:17:04', '20:00:02', '0000-00-00'),
(198, 7, '10:00:00', '17:00:00', '0000-00-00'),
(199, 7, '11:17:04', '20:00:02', '0000-00-00'),
(200, 7, '11:00:00', '18:00:02', '0000-00-00'),
(201, 7, '11:17:04', '20:00:02', '0000-00-00'),
(202, 7, '10:00:00', '17:00:00', '0000-00-00'),
(203, 7, '11:17:04', '20:00:02', '0000-00-00'),
(204, 7, '11:17:04', '20:00:02', '0000-00-00'),
(205, 7, '10:00:00', '17:00:00', '0000-00-00'),
(206, 7, '11:17:04', '20:00:02', '0000-00-00'),
(207, 7, '11:17:04', '20:00:02', '0000-00-00'),
(208, 7, '10:00:00', '17:00:00', '0000-00-00'),
(209, 7, '11:17:04', '20:00:02', '0000-00-00'),
(210, 7, '11:17:04', '20:00:02', '0000-00-00'),
(211, 8, '09:17:04', '20:00:02', '0000-00-00'),
(212, 8, '09:17:04', '20:00:02', '0000-00-00'),
(213, 8, '09:15:04', '21:00:02', '0000-00-00'),
(214, 8, '09:45:14', '21:20:02', '0000-00-00'),
(215, 8, '09:45:14', '21:20:02', '0000-00-00'),
(216, 8, '09:15:04', '21:00:02', '0000-00-00'),
(217, 8, '09:45:14', '21:20:02', '0000-00-00'),
(218, 8, '09:45:14', '21:20:02', '0000-00-00'),
(219, 8, '09:15:04', '21:00:02', '0000-00-00'),
(220, 8, '09:45:14', '21:20:02', '0000-00-00'),
(221, 8, '09:17:04', '20:00:02', '0000-00-00'),
(222, 8, '09:45:14', '21:20:02', '0000-00-00'),
(223, 8, '09:15:04', '21:00:02', '0000-00-00'),
(224, 8, '09:45:14', '21:20:02', '0000-00-00'),
(225, 8, '09:17:04', '20:00:02', '0000-00-00'),
(226, 8, '09:45:14', '21:20:02', '0000-00-00'),
(227, 8, '09:17:04', '20:00:02', '0000-00-00'),
(228, 8, '09:45:14', '21:20:02', '0000-00-00'),
(229, 8, '09:45:14', '21:20:02', '0000-00-00'),
(230, 8, '09:17:04', '20:00:02', '0000-00-00'),
(231, 8, '09:17:04', '20:00:02', '0000-00-00'),
(232, 8, '09:45:14', '21:20:02', '0000-00-00'),
(233, 8, '09:45:14', '21:20:02', '0000-00-00'),
(234, 8, '09:15:04', '21:00:02', '0000-00-00'),
(235, 8, '09:45:14', '21:20:02', '0000-00-00'),
(236, 8, '09:45:14', '21:20:02', '0000-00-00'),
(237, 8, '09:45:14', '21:20:02', '0000-00-00'),
(238, 8, '09:15:04', '21:00:02', '0000-00-00'),
(239, 8, '09:15:04', '21:00:02', '0000-00-00'),
(240, 8, '09:15:04', '21:00:02', '0000-00-00'),
(241, 9, '09:11:04', '18:00:23', '0000-00-00'),
(242, 9, '09:11:16', '18:06:45', '0000-00-00'),
(243, 9, '09:11:16', '18:06:45', '0000-00-00'),
(244, 9, '09:11:16', '18:06:45', '0000-00-00'),
(245, 9, '09:11:16', '18:06:45', '0000-00-00'),
(246, 9, '09:11:16', '18:06:45', '0000-00-00'),
(247, 9, '09:11:16', '18:06:45', '0000-00-00'),
(248, 9, '09:11:04', '18:00:23', '0000-00-00'),
(249, 9, '09:11:16', '18:06:45', '0000-00-00'),
(250, 9, '09:11:16', '18:06:45', '0000-00-00'),
(251, 9, '09:11:16', '18:06:45', '0000-00-00'),
(252, 9, '09:11:04', '18:00:23', '0000-00-00'),
(253, 9, '09:11:16', '18:06:45', '0000-00-00'),
(254, 9, '09:11:16', '18:06:45', '0000-00-00'),
(255, 9, '09:11:04', '18:00:23', '0000-00-00'),
(256, 9, '09:11:16', '18:06:45', '0000-00-00'),
(257, 9, '09:11:16', '18:06:45', '0000-00-00'),
(258, 9, '09:11:16', '18:06:45', '0000-00-00'),
(259, 9, '09:11:04', '18:00:23', '0000-00-00'),
(260, 9, '09:11:16', '18:06:45', '0000-00-00'),
(261, 9, '09:11:16', '18:06:45', '0000-00-00'),
(262, 9, '09:11:16', '18:06:45', '0000-00-00'),
(263, 9, '09:11:04', '18:00:23', '0000-00-00'),
(264, 9, '09:11:16', '18:06:45', '0000-00-00'),
(265, 9, '09:11:16', '18:06:45', '0000-00-00'),
(266, 9, '09:11:04', '18:00:23', '0000-00-00'),
(267, 9, '09:11:16', '18:06:45', '0000-00-00'),
(268, 9, '09:11:16', '18:06:45', '0000-00-00'),
(269, 9, '09:11:04', '18:00:23', '0000-00-00'),
(270, 9, '09:11:04', '18:00:23', '0000-00-00'),
(271, 10, '08:10:16', '17:06:43', '0000-00-00'),
(272, 10, '10:10:16', '17:10:43', '0000-00-00'),
(273, 10, '10:10:16', '17:10:43', '0000-00-00'),
(274, 10, '10:10:16', '17:10:43', '0000-00-00'),
(275, 10, '08:10:16', '17:06:43', '0000-00-00'),
(276, 10, '10:10:16', '17:10:43', '0000-00-00'),
(277, 10, '08:10:16', '17:06:43', '0000-00-00'),
(278, 10, '08:10:16', '17:06:43', '0000-00-00'),
(279, 10, '08:10:16', '17:06:43', '0000-00-00'),
(280, 10, '08:10:16', '17:06:43', '0000-00-00'),
(281, 10, '10:10:16', '17:10:43', '0000-00-00'),
(282, 10, '10:10:16', '17:10:43', '0000-00-00'),
(283, 10, '10:10:16', '17:10:43', '0000-00-00'),
(284, 10, '08:10:16', '17:06:43', '0000-00-00'),
(285, 10, '10:10:16', '17:10:43', '0000-00-00'),
(286, 10, '10:10:16', '17:10:43', '0000-00-00'),
(287, 10, '10:10:16', '17:10:43', '0000-00-00'),
(288, 10, '10:10:16', '17:10:43', '0000-00-00'),
(289, 10, '10:10:16', '17:10:43', '0000-00-00'),
(290, 10, '10:10:16', '17:10:43', '0000-00-00'),
(291, 10, '08:10:16', '17:06:43', '0000-00-00'),
(292, 10, '10:10:16', '17:10:43', '0000-00-00'),
(293, 10, '10:10:16', '17:10:43', '0000-00-00'),
(294, 10, '10:10:16', '17:10:43', '0000-00-00'),
(295, 10, '08:10:16', '17:06:43', '0000-00-00'),
(296, 10, '10:10:16', '17:10:43', '0000-00-00'),
(297, 10, '08:10:16', '17:06:43', '0000-00-00'),
(298, 10, '08:10:16', '17:06:43', '0000-00-00'),
(299, 10, '08:10:16', '17:06:43', '0000-00-00'),
(300, 10, '08:10:16', '17:06:43', '0000-00-00');

-- --------------------------------------------------------

--
-- Table structure for table `employee_leaves`
--

CREATE TABLE `employee_leaves` (
  `Employeeleaves_id` int(5) NOT NULL,
  `Leaveday_type` char(12) NOT NULL,
  `Leave_type` char(2) NOT NULL,
  `Leave_from_date` date NOT NULL,
  `Leave_to_date` date NOT NULL,
  `Employee_id` int(5) NOT NULL,
  `Employee_name` char(30) NOT NULL,
  `Action_taken_by_id` int(5) NOT NULL,
  `Leave_reason_description` varchar(50) NOT NULL,
  `Leave_reject_reason_description` varchar(50) NOT NULL,
  `Created_date` date NOT NULL,
  `Modified_date` date NOT NULL,
  `Status` tinyint(4) NOT NULL DEFAULT '0'
) ENGINE=InnoDB DEFAULT CHARSET=latin1;

--
-- Dumping data for table `employee_leaves`
--

INSERT INTO `employee_leaves` (`Employeeleaves_id`, `Leaveday_type`, `Leave_type`, `Leave_from_date`, `Leave_to_date`, `Employee_id`, `Employee_name`, `Action_taken_by_id`, `Leave_reason_description`, `Leave_reject_reason_description`, `Created_date`, `Modified_date`, `Status`) VALUES
(1, 'Normal', 'SL', '2016-04-15', '2016-04-16', 5, 'Dhvani Contractor', 1, 'Sick leave', '', '2019-04-17', '2019-04-17', 1),
(3, 'Half Day', 'SL', '2016-01-16', '2016-01-16', 8, 'Vandan Deria', 5, 'High fever', '', '2019-04-17', '2019-04-17', 1),
(4, 'FullDay', 'CL', '2017-04-19', '2017-04-22', 9, 'Kunal Tejani', 5, 'Sisters marriage', 'no leave', '2019-04-17', '2019-04-17', 2),
(6, 'full day', 'cl', '2017-04-24', '2017-04-25', 6, 'Vidhi Shah', 0, 'function at our home.', '', '2023-04-17', '2023-04-17', 2),
(7, 'full day', 'cl', '2017-04-24', '2017-04-24', 5, 'Dhvani Contractor', 0, 'for function', '', '2023-04-17', '2023-04-17', 0);

-- --------------------------------------------------------

--
-- Table structure for table `holidays`
--

CREATE TABLE `holidays` (
  `Holiday_id` int(5) NOT NULL,
  `Holiday_name` char(30) NOT NULL,
  `Holiday_description` varchar(50) NOT NULL,
  `Holiday_date` date NOT NULL,
  `Created_date` date NOT NULL,
  `Modified_date` date NOT NULL,
  `Status` tinyint(1) NOT NULL
) ENGINE=InnoDB DEFAULT CHARSET=latin1;

--
-- Dumping data for table `holidays`
--

INSERT INTO `holidays` (`Holiday_id`, `Holiday_name`, `Holiday_description`, `Holiday_date`, `Created_date`, `Modified_date`, `Status`) VALUES
(1, ' Republic Day', 'Republic Day honors the date on which the Constitu', '2017-01-26', '2017-01-01', '2017-01-01', 1),
(2, ' Maha Shivaratri', 'Maha Shivaratri is a Hindu festival celebrated ann', '2017-02-24', '2017-01-01', '2017-01-01', 1),
(5, ' Rabindranath Tagore Jayanti', 'Rabindranath Tagore FRAS, also written RavÄ«ndranÄ', '2017-05-07', '2017-01-01', '2017-01-01', 1),
(6, ' Jagannath Rathyatra', 'Rathyatra  is an Odia festival that involves movin', '2017-06-25', '2017-01-01', '2017-01-01', 1),
(7, 'Rakhi', 'Raksha Bandhan is celebrated in Shravana month dur', '2017-08-07', '2017-01-01', '2017-01-01', 1),
(8, 'Dussehra', 'Dussehra is celebrated as victory of Lord Rama ove', '2017-09-30', '2017-01-01', '2017-01-01', 1),
(9, ' Diwali', 'On the day of Diwali, people should get up early i', '2017-10-19', '2017-01-01', '2017-01-01', 1),
(10, 'Lakshmi Puja', 'the devotees of Goddess Lakshmi observe a day long', '2017-10-20', '2017-01-01', '2017-01-01', 1),
(11, 'Merry Christmas', 'Christmas is an annual commemoration of the birth ', '2017-12-25', '2017-01-01', '2017-01-01', 1),
(12, 'holi', 'holi is indian festival', '2017-01-26', '2017-04-24', '2017-04-24', 1);

-- --------------------------------------------------------

--
-- Table structure for table `payroll`
--

CREATE TABLE `payroll` (
  `Payroll_id` int(5) NOT NULL,
  `Employee_id` int(5) NOT NULL,
  `Payroll_month` int(2) NOT NULL,
  `Payroll_year` int(4) NOT NULL,
  `Present_days` int(5) NOT NULL,
  `Working_days` int(5) NOT NULL,
  `Balance_leaves` int(1) NOT NULL DEFAULT '3'
) ENGINE=InnoDB DEFAULT CHARSET=latin1;

--
-- Dumping data for table `payroll`
--

INSERT INTO `payroll` (`Payroll_id`, `Employee_id`, `Payroll_month`, `Payroll_year`, `Present_days`, `Working_days`, `Balance_leaves`) VALUES
(1, 3, 4, 2017, 19, 19, 3),
(2, 2, 4, 2017, 19, 19, 3),
(3, 2, 4, 2017, 19, 19, 3),
(4, 2, 4, 2017, 19, 19, 3),
(5, 6, 4, 2017, 19, 19, 3),
(6, 2, 4, 2017, 19, 19, 3),
(7, 2, 4, 2017, 19, 19, 3),
(8, 2, 4, 2017, 19, 19, 3),
(9, 1, 4, 2017, 19, 19, 3),
(10, 2, 4, 2017, 20, 20, 3),
(11, 1, 7, 2017, 20, 20, 3),
(12, 1, 5, 2018, 20, 20, 3);

-- --------------------------------------------------------

--
-- Table structure for table `payroll_details`
--

CREATE TABLE `payroll_details` (
  `Payroll_detail_id` int(5) NOT NULL,
  `Employee_id` int(5) NOT NULL,
  `Net_salary` float(10,3) NOT NULL,
  `Bonus` float(8,3) DEFAULT NULL
) ENGINE=InnoDB DEFAULT CHARSET=latin1;

--
-- Dumping data for table `payroll_details`
--

INSERT INTO `payroll_details` (`Payroll_detail_id`, `Employee_id`, `Net_salary`, `Bonus`) VALUES
(1, 3, 49800.000, 0.000),
(2, 2, 49800.000, 0.000),
(3, 2, 49800.000, 0.000),
(4, 2, 49800.000, 0.000),
(5, 6, 9850.000, 0.000),
(6, 2, 49800.000, 0.000),
(7, 2, 49800.000, 0.000),
(8, 2, 49800.000, 0.000),
(9, 1, 99800.000, 0.000),
(10, 2, 49800.000, 0.000),
(11, 1, 99800.000, 0.000),
(12, 1, 99800.000, 0.000);

-- --------------------------------------------------------

--
-- Table structure for table `shift`
--

CREATE TABLE `shift` (
  `Shift_id` int(5) NOT NULL,
  `Shift_name` char(25) NOT NULL,
  `In_time` time NOT NULL,
  `Out_time` time NOT NULL,
  `Created_date` date NOT NULL,
  `Modified_date` date NOT NULL,
  `Status` tinyint(1) NOT NULL
) ENGINE=InnoDB DEFAULT CHARSET=latin1;

--
-- Dumping data for table `shift`
--

INSERT INTO `shift` (`Shift_id`, `Shift_name`, `In_time`, `Out_time`, `Created_date`, `Modified_date`, `Status`) VALUES
(1, 'Morning Shift', '09:00:00', '06:00:00', '2011-04-19', '2011-04-19', 1),
(2, 'Noon Shift', '00:00:00', '17:00:00', '2011-04-19', '2011-04-19', 1),
(3, 'Evening Shift', '17:00:00', '00:00:00', '2011-04-19', '2011-04-19', 1),
(4, 'Night Shift', '21:00:00', '04:00:00', '2011-04-19', '2011-04-19', 1);

--
-- Indexes for dumped tables
--

--
-- Indexes for table `branch`
--
ALTER TABLE `branch`
  ADD PRIMARY KEY (`Branch_id`);

--
-- Indexes for table `chat`
--
ALTER TABLE `chat`
  ADD PRIMARY KEY (`chat_id`);

--
-- Indexes for table `department`
--
ALTER TABLE `department`
  ADD PRIMARY KEY (`Department_id`);

--
-- Indexes for table `designation`
--
ALTER TABLE `designation`
  ADD PRIMARY KEY (`Designation_id`);

--
-- Indexes for table `employee`
--
ALTER TABLE `employee`
  ADD PRIMARY KEY (`Employee_id`),
  ADD UNIQUE KEY `Bank_account_number` (`Bank_account_number`),
  ADD UNIQUE KEY `PAN_number` (`PAN_number`);

--
-- Indexes for table `employee_leaves`
--
ALTER TABLE `employee_leaves`
  ADD PRIMARY KEY (`Employeeleaves_id`);

--
-- Indexes for table `holidays`
--
ALTER TABLE `holidays`
  ADD PRIMARY KEY (`Holiday_id`);

--
-- Indexes for table `payroll`
--
ALTER TABLE `payroll`
  ADD PRIMARY KEY (`Payroll_id`);

--
-- Indexes for table `payroll_details`
--
ALTER TABLE `payroll_details`
  ADD PRIMARY KEY (`Payroll_detail_id`);

--
-- Indexes for table `shift`
--
ALTER TABLE `shift`
  ADD PRIMARY KEY (`Shift_id`),
  ADD UNIQUE KEY `Shift_id` (`Shift_id`);

--
-- AUTO_INCREMENT for dumped tables
--

--
-- AUTO_INCREMENT for table `branch`
--
ALTER TABLE `branch`
  MODIFY `Branch_id` int(5) NOT NULL AUTO_INCREMENT, AUTO_INCREMENT=7;
--
-- AUTO_INCREMENT for table `chat`
--
ALTER TABLE `chat`
  MODIFY `chat_id` int(5) NOT NULL AUTO_INCREMENT, AUTO_INCREMENT=35;
--
-- AUTO_INCREMENT for table `department`
--
ALTER TABLE `department`
  MODIFY `Department_id` int(5) NOT NULL AUTO_INCREMENT, AUTO_INCREMENT=10;
--
-- AUTO_INCREMENT for table `designation`
--
ALTER TABLE `designation`
  MODIFY `Designation_id` int(5) NOT NULL AUTO_INCREMENT, AUTO_INCREMENT=11;
--
-- AUTO_INCREMENT for table `employee`
--
ALTER TABLE `employee`
  MODIFY `Employee_id` int(5) NOT NULL AUTO_INCREMENT, AUTO_INCREMENT=14;
--
-- AUTO_INCREMENT for table `employee_leaves`
--
ALTER TABLE `employee_leaves`
  MODIFY `Employeeleaves_id` int(5) NOT NULL AUTO_INCREMENT, AUTO_INCREMENT=8;
--
-- AUTO_INCREMENT for table `holidays`
--
ALTER TABLE `holidays`
  MODIFY `Holiday_id` int(5) NOT NULL AUTO_INCREMENT, AUTO_INCREMENT=13;
--
-- AUTO_INCREMENT for table `payroll`
--
ALTER TABLE `payroll`
  MODIFY `Payroll_id` int(5) NOT NULL AUTO_INCREMENT, AUTO_INCREMENT=13;
--
-- AUTO_INCREMENT for table `payroll_details`
--
ALTER TABLE `payroll_details`
  MODIFY `Payroll_detail_id` int(5) NOT NULL AUTO_INCREMENT, AUTO_INCREMENT=13;
--
-- AUTO_INCREMENT for table `shift`
--
ALTER TABLE `shift`
  MODIFY `Shift_id` int(5) NOT NULL AUTO_INCREMENT, AUTO_INCREMENT=5;
/*!40101 SET CHARACTER_SET_CLIENT=@OLD_CHARACTER_SET_CLIENT */;
/*!40101 SET CHARACTER_SET_RESULTS=@OLD_CHARACTER_SET_RESULTS */;
/*!40101 SET COLLATION_CONNECTION=@OLD_COLLATION_CONNECTION */;
